Title,Artist
Yellow,Coldplay
All The Small Things,blink-182
Breathe,Faith Hill
In the End,Linkin Park
Bye Bye Bye,*NSYNC
Thong Song,Sisqo
The Real Slim Shady,Eminem
Rock DJ,Robbie Williams
Say My Name,Destiny's Child
Otherside,Red Hot Chili Peppers
Kryptonite,3 Doors Down
Forgot About Dre,Dr. Dre
Lady - Hear Me Tonight,Modjo
Better Off Alone,Alice Deejay
Take A Look Around,Limp Bizkit
L'Amour Toujours,Gigi D'Agostino
Teenage Dirtbag,Wheatus
Shape of My Heart,Backstreet Boys
Big Pimpin',JAY-Z
Party Up,DMX
"Jumpin', Jumpin'",Destiny's Child
Sandstorm,Darude
7 Days,Craig David
Amazed,Lonestar
Country Grammar (Hot Shit),Nelly
Breathless,The Corrs
My Love,Westlife
It's Gonna Be Me,*NSYNC
Can't Fight The Moonlight,LeAnn Rimes
Try Again,Aaliyah
He Wasn't Man Enough,Toni Braxton
Lucky,Britney Spears
Absolutely (Story of a Girl) - Radio Mix,Nine Days
I Wanna Know,Joe
Who Let The Dogs Out,Baha Men
Sexbomb,Tom Jones
"Independent Women, Pt. 1",Destiny's Child
This I Promise You,*NSYNC
"U Know What's Up (feat. Lisa ""Left Eye"" Lopes)",Donell Jones
Beautiful Day,U2
The Riddle,Gigi D'Agostino
I Hope You Dance,Lee Ann Womack
Never Let You Go - 2008 Remaster,Third Eye Blind
Come on over Baby (All I Want Is You) - Radio Version,Christina Aguilera
It Feels So Good,Sonique
Take A Picture,Filter
That's the Way It Is,CÃ©line Dion
Shackles (Praise You),Mary Mary
What a Girl Wants,Christina Aguilera
Fool Again,Westlife
Everything You Want,Vertical Horizon
Hemorrhage (In My Hands),Fuel
Born to Make You Happy,Britney Spears
I Turn to You,Christina Aguilera
I Just Wanna Love U (Give It 2 Me),JAY-Z
Be Like That,3 Doors Down
Shalala Lala,Vengaboys
Fill Me In,Craig David
Thank God I Found You (feat. Joe & 98Â°),Mariah Carey
I Need You,LeAnn Rimes
Life Is A Rollercoaster,Ronan Keating
She Bangs - English Version,Ricky Martin
Never Be The Same Again,Melanie C
Against All Odds (Take A Look at Me Now) - Mariah Only,Mariah Carey
Where I Wanna Be,Donell Jones
Hey Baby (Radio Mix),DJ Ã–tzi
The Way You Love Me,Faith Hill
Be With You,Enrique Iglesias
No More,Ruff Endz
There You Go,P!nk
Rise,GABRIELLE
Wonderful,Everclear
You Sang To Me,Marc Anthony
Bag Lady,Erykah Badu
Bent,Matchbox Twenty
Gotta Tell You,Samantha Mumba
Dancing in the Moonlight,Toploader
Don't Call Me Baby,Madison Avenue
Let's Get Married,Jagged Edge
Wifey,Next
Case Of The Ex (Whatcha Gonna Do),MÃ½a
Freestyler,Bomfunk MC's
I Wish,Carl Thomas
The Time Is Now,Moloko
Reach,S Club
Separated,Avant
Crash and Burn,Savage Garden
Get It On Tonite,Montell Jordan
Desert Rose,Sting
Don't Think I'm Not,Kandi
What'chu Like (feat. Tyrese),Da Brat
Don't Give Up,Chicane
Cold as Ice,M.O.P.
I Turn To You,Melanie C
I'm Outta Love - Radio Edit,Anastacia
He Can't Love U,Jagged Edge
The Great Beyond,R.E.M.
Most Girls,P!nk
Back Here,BBMAK
Music,Madonna
It Wasn't Me,Shaggy
Survivor,Destiny's Child
Stan,Eminem
Can't Get You out of My Head,Kylie Minogue
Lady Marmalade - Single Edit,Christina Aguilera
I'm Like A Bird,Nelly Furtado
"Whenever, Wherever",Shakira
The Middle,Jimmy Eat World
Drops of Jupiter (Tell Me),Train
Ms. Jackson,Outkast
How You Remind Me,Nickelback
Island In The Sun,Weezer
Family Affair,Mary J. Blige
Drive,Incubus
Rollin' (Air Raid Vehicle),Limp Bizkit
Angel,Shaggy
One More Time,Daft Punk
Ride Wit Me,Nelly
In Too Deep,Sum 41
Let Me Blow Ya Mind,Eve
Smooth Criminal,Alien Ant Farm
Fallin',Alicia Keys
Thank You,Dido
Your Body Is a Wonderland,John Mayer
Butterfly,Crazy Town
U Remind Me,USHER
Fat Lip,Sum 41
Follow Me,Uncle Kracker
Only Time,Enya
Youth of the Nation,P.O.D.
Clint Eastwood,Gorillaz
Again,Lenny Kravitz
I'm a Slave 4 U,Britney Spears
Get Ur Freak On,Missy Elliott
It's Been Awhile,Staind
Hit 'Em Up Style (Oops!),Blu Cantrell
You Rock My World,Michael Jackson
Out Of Reach,GABRIELLE
Sing,Travis
Superman (It's Not Easy),Five For Fighting
Differences,Ginuwine
Hanging By A Moment,Lifehouse
Love Don't Cost a Thing,Jennifer Lopez
Last Nite,The Strokes
Because I Got High,Afroman
Uptown Girl - Radio Edit,Westlife
Purple Pills,D12
I'm Real (feat. Ja Rule) - Murder Remix,Jennifer Lopez
Something,Lasgo
Where the Party At (feat. Nelly),Jagged Edge
"Independent Women, Pt. 1",Destiny's Child
This I Promise You,*NSYNC
Little L,Jamiroquai
Put It On Me,Ja Rule
If You're Gone,Matchbox Twenty
Whole Again,Atomic Kitten
Peaches & Cream,112
Touch Me (Radio Edit) [feat. Cassandra],Rui Da Silva
All For You,Janet Jackson
Bootylicious,Destiny's Child
Jaded,Aerosmith
I'm a Thug,Trick Daddy
Never Had A Dream Come True,S Club
Izzo (H.O.V.A.),JAY-Z
It's Raining Men,Geri Halliwell
Fill Me In,Craig David
Starlight - Radio Edit,The Supermen Lovers
Livin' It Up,Ja Rule
Don't Stop Movin',S Club
Turn Off The Light,Nelly Furtado
Heard It All Before,Sunshine Anderson
Missing You,Case
If You Come Back,Blue
When It's Over - David Kahne Main,Sugar Ray
Ain't It Funny,Jennifer Lopez
Music (feat. Marvin Gaye),Erick Sermon
Promise,Jagged Edge
I'm Already There,Lonestar
Rise,GABRIELLE
Until The End Of Time,2Pac
Rapture (feat.Nadia Ali),iio
Have You Ever,S Club
Lovin' Each Day,Ronan Keating
Queen of My Heart - Radio Edit,Westlife
It's Over Now,112
Heaven Is a Halfpipe (If I Die),OPM
Stutter (feat. Mystikal) - Double Take Remix,Joe
Love,Musiq Soulchild
Point of View - Radio Edit,DB Boulevard
Play,Jennifer Lopez
No More (Baby I'ma Do Right),3LW
Eternal Flame - Single Version,Atomic Kitten
No More Drama,Mary J. Blige
One Minute Man (feat. Ludacris),Missy Elliott
Romeo,Basement Jaxx
AM To PM,Christina Milian
Do You Really Like It? - Radio Edit,DJ Pied Piper & The Masters Of Ceremonies
We Come 1 - Radio Edit,Faithless
Here's to the Night,Eve 6
Gone,*NSYNC
Dilemma,Nelly
Without Me,Eminem
Complicated,Avril Lavigne
A Thousand Miles,Vanessa Carlton
Wherever You Will Go,The Calling
Underneath Your Clothes,Shakira
Underneath It All,No Doubt
In the End,Linkin Park
The Scientist,Coldplay
Till I Collapse,Eminem
Can't Stop,Red Hot Chili Peppers
Hot In Herre,Nelly
Sk8er Boi,Avril Lavigne
Don't Know Why,Norah Jones
Foolish,Ashanti
What's Luv? (feat. Ja-Rule & Ashanti),Fat Joe
By the Way,Red Hot Chili Peppers
Clocks,Coldplay
Cleanin' Out My Closet,Eminem
My Sacrifice,Creed
She Hates Me,Puddle Of Mudd
I Know What You Want (feat. Flipmode Squad),Busta Rhymes
In My Place,Coldplay
U Got It Bad,USHER
Get the Party Started,P!nk
Work It,Missy Elliott
"I Need a Girl (Pt. 2) [feat. Loon, Ginuwine, Mario Winans]",Diddy
Landslide,The Chicks
The Ketchup Song (AserejÃ©) - Spanglish Version,Las Ketchup
Dirrty (feat. Redman),Christina Aguilera
Oh Boy,Camâ€™ron
Just Like a Pill,P!nk
Hero (feat. Josey Scott),Chad Kroeger
Somethin' Stupid,Robbie Williams
Blurry,Puddle Of Mudd
Still Fly,Big Tymers
Always On Time,Ja Rule
Heaven,DJ Sammy
I Need a Girl (Pt. 1) [feat. Usher & Loon],Diddy
The Tide Is High - Radio Mix,Atomic Kitten
Soak Up The Sun,Sheryl Crow
Stop Crying Your Heart Out,Oasis
U Don't Have to Call,USHER
Hey Ma,Camâ€™ron
Hella Good,No Doubt
The Logical Song,Scooter
Just a Friend 2002 - Radio Edit,Mario
Gangsta Lovin',Eve
Happy,Ashanti
Don't Let Me Get Me - Radio Edit,P!nk
Like I Love You,Justin Timberlake
Overprotected - Radio Edit,Britney Spears
No Such Thing,John Mayer
Nessaja,Scooter
"My Neck, My Back (Lick It)",Khia
Gimme the Light,Sean Paul
Hero,Enrique Iglesias
World of Our Own,Westlife
More Than A Woman,Aaliyah
A New Day Has Come - Radio Remix,CÃ©line Dion
Rollout (My Business),Ludacris
All You Wanted,Michelle Branch
Oops (Oh My) [feat. Missy Elliott],Tweet
Halfcrazy,Musiq Soulchild
"I'm Not a Girl, Not Yet a Woman",Britney Spears
Tainted Love,Marilyn Manson
Handbags And Gladrags,Stereophonics
Wasting My Time,Default
Hands Clean,Alanis Morissette
Baby,Ashanti
Addictive,Truth Hurts
Hey Baby,No Doubt
Little By Little,Oasis
Here Is Gone,The Goo Goo Dolls
Round Round,Sugababes
A Little Less Conversation - JXL Radio Edit Remix,Elvis Presley
When You Look At Me - Radio Edit,Christina Milian
A Woman's Worth,Alicia Keys
Pass The Courvoisier Part II (feat. P. Diddy & Pharrell) - Remix,Busta Rhymes
A Moment Like This,Kelly Clarkson
Nothin',N.O.R.E.
I Love You,Faith Evans
Escape,Enrique Iglesias
I'm Gonna Be Alright (feat. Nas),Jennifer Lopez
Die Another Day,Madonna
Move Bitch,Ludacris
The Whole World (feat. Killer Mike),Outkast
Kiss Kiss,Holly Valance
Murder On The Dancefloor,Sophie Ellis-Bextor
Luv U Better,LL COOL J
Just A Little,Liberty X
If You're Not The One,Daniel Bedingfield
Love at First Sight,Kylie Minogue
Caught in the Middle,A1
Girlfriend,*NSYNC
Caramel,City High
Rainy Dayz,Mary J. Blige
Born to Try,Delta Goodrem
Days Go By,Dirty Vegas
Gotta Get Thru This - D'N'D Radio Edit,Daniel Bedingfield
In Da Club,50 Cent
Seven Nation Army,The White Stripes
Bring Me To Life,Evanescence
Crazy In Love (feat. Jay-Z),BeyoncÃ©
Get Busy,Sean Paul
Where Is The Love?,Black Eyed Peas
Clocks,Coldplay
Faint,Linkin Park
Rock Your Body,Justin Timberlake
Like a Stone,Audioslave
Sing For The Moment,Eminem
All The Things She Said,t.A.T.u.
Reptilia,The Strokes
Behind Blue Eyes,Limp Bizkit
I Miss You,blink-182
I Hate Everything About You,Three Days Grace
21 Questions,50 Cent
Your Body Is a Wonderland,John Mayer
Cry Me a River,Justin Timberlake
Headstrong,Trapt
Since U Been Gone,Kelly Clarkson
Sway,Michael BublÃ©
X Gon' Give It To Ya,DMX
I'm with You,Avril Lavigne
Someday,Nickelback
I Know What You Want (feat. Flipmode Squad),Busta Rhymes
I Believe in a Thing Called Love,The Darkness
When I'm Gone,3 Doors Down
The Way You Move (feat. Sleepy Brown),Outkast
Work It,Missy Elliott
Rock Wit U (Awww Baby),Ashanti
Lifestyles of the Rich & Famous,Good Charlotte
P.I.M.P.,50 Cent
Baby Boy (feat. Sean Paul),BeyoncÃ©
Drift Away,Uncle Kracker
Right Thurr,Chingy
Picture (feat. Sheryl Crow),Kid Rock
Frontin' (feat. Jay-Z) - Club Mix,Pharrell Williams
Into You (feat. Tamia),Fabolous
Fighter,Christina Aguilera
Satisfaction - Isak Original Extended,Benny Benassi
Beautiful,Snoop Dogg
Like Glue,Sean Paul
No Letting Go,Wayne Wonder
Mesmerize,Ja Rule
The Seed (2.0),The Roots
The Game of Love (feat. Michelle Branch) - Main / Radio Mix,Santana
So Gone,Monica
"Never Leave You (Uh Oooh, Uh Oooh)",Lumidee
Mundian To Bach Ke,Panjabi MC
Big Yellow Taxi,Counting Crows
Can't Let You Go (feat. Mike Shorey & Lil' Mo),Fabolous
Make Luv,Room 5
It's My Life,No Doubt
Move Your Feet,Junior Senior
Say Yes,Floetry
Can't Hold Us Down (feat. Lil' Kim),Christina Aguilera
Miss You,Aaliyah
Rise & Fall (feat. Sting),Craig David
In Those Jeans,Ginuwine
Sorry Seems To Be The Hardest Word,Blue
Scandalous - U.S. Radio Edit,Mis-Teeq
Magic Stick,Lil' Kim
Pretty Green Eyes - Radio Edit,Ultrabeat
Stand Up,Ludacris
Sunrise,Simply Red
Holidae In,Chingy
Calling All Angels,Train
Mandy,Westlife
Gossip Folks (feat. Ludacris),Missy Elliott
Damn! (feat. Lil' Jon) - Club Mix,Youngbloodz
Put That Woman First,Jaheim
Miss Independent,Kelly Clarkson
Come Undone,Robbie Williams
Excuse Me Miss,JAY-Z
Wanksta,50 Cent
Danger! High Voltage - Soulchild Radio Mix,Electric Six
Sound Of The Underground,Girls Aloud
All I Have,LL COOL J
Shake Ya Tailfeather (feat. P. Diddy & Murphy Lee) - 2016 Remaster,Nelly
"Bump, Bump, Bump (feat. P. Diddy)",B2K
Lost Without You,Delta Goodrem
Leave Right Now,Will Young
U Make Me Wanna,Blue
Why Don't You & I (feat. Chad Kroeger),Santana
If You're Not The One,Daniel Bedingfield
White Flag,Dido
Jump,Girls Aloud
Rain On Me,Ashanti
My Love Is Like...Wo,MÃ½a
The Jump Off (feat. Mr. Cheeks) - Remix,Lil' Kim
Stole,Kelly Rowland
Get Low,Lil Jon & The East Side Boyz
Don't Wanna Try,Frankie J
Angel,Amanda Perez
Sweet Dreams My LA Ex - Radio Edit,Rachel Stevens
Year 3000,Busted
Hole In The Head,Sugababes
Shut Up,Black Eyed Peas
Be Faithful,Fatman Scoop
Yeah! (feat. Lil Jon & Ludacris),USHER
This Love,Maroon 5
Toxic,Britney Spears
Hey Ya!,Outkast
The Reason,Hoobastank
Mr. Brightside,The Killers
Numb,Linkin Park
Gasolina,Daddy Yankee
If I Ain't Got You,Alicia Keys
Take Me Out,Franz Ferdinand
American Idiot,Green Day
My Boo,USHER
Drop It Like It's Hot,Snoop Dogg
Are You Gonna Be My Girl,Jet
Here Without You,3 Doors Down
Somewhere Only We Know,Keane
Call on Me - Radio Mix,Eric Prydz
Through The Wire,Kanye West
My Immortal,Evanescence
La Camisa Negra,Juanes
My Band,D12
She Will Be Loved,Maroon 5
Slow Jamz,Twista
Let's Get It Started - Spike Mix,Black Eyed Peas
Roses,Outkast
Jesus Walks,Kanye West
I'm Still in Love with You (feat. Sasha),Sean Paul
Turn Me On,Kevin Lyttle
Confessions Part II,USHER
Live Like You Were Dying,Tim McGraw
Freek-A-Leek,Petey Pablo
In the Shadows,The Rasmus
Just Lose It,Eminem
I Don't Wanna Know (feat. Enya & P. Diddy) - 2016 Remaster,Mario Winans
The Way You Move (feat. Sleepy Brown),Outkast
Goodies (feat. Petey Pablo),Ciara
My Happy Ending,Avril Lavigne
Mad World,Gary Jules
Black Betty - Edit,Spiderbait
Move Ya Body,Nina Sky
Daughters,John Mayer
Locked Up,Akon
Naughty Girl,BeyoncÃ©
Overnight Celebrity,Twista
Leave (Get Out),JoJo
Lola's Theme - Radio Edit,The Shapeshifters
Lean Back,Terror Squad
These Words,Natasha Bedingfield
Everytime,Britney Spears
Vertigo,U2
Breaking the Habit,Linkin Park
Bring Em Out,T.I.
100 Years,Five For Fighting
Slow Motion,JUVENILE
Dirt Off Your Shoulder,JAY-Z
Left Outside Alone,Anastacia
Sunshine (feat. Lea),Lil' Flip
Wanna Get To Know You,G-Unit
Hey Mama,Black Eyed Peas
"Me, Myself and I",BeyoncÃ©
What You Waiting For?,Gwen Stefani
Nobody's Home,Avril Lavigne
Southside,Lloyd
Salt Shaker,Ying Yang Twins
One Call Away,Chingy
It's My Life,No Doubt
Take Me To The Clouds Above - LMC Vs. U2 / Radio Edit,LMC
Lose My Breath,Destiny's Child
Come With Me - Radio Edit,Special D.
Diary (feat. Tony! Toni! Tone! & Jermaine Paul),Alicia Keys
Fit but You Know It,The Streets
I Like That,Houston
Amazing,George Michael
On Fire,Lloyd Banks
Swing Life Away,Rise Against
My Place,Nelly
Headsprung,LL COOL J
Don't Tell Me,Avril Lavigne
Tipsy - Club Mix,J-Kwon
How Come,D12
Sick and Tired,Anastacia
Read Your Mind,Avant
Only U - No Intro,Ashanti
Dragostea Din Tei,O-Zone
Milkshake - Radio Mix,Kelis
Pieces Of Me,Ashlee Simpson
The Closest Thing to Crazy,Katie Melua
Breathe Me,Sia
Take Your Mama,Scissor Sisters
I Don't Want to Be,Gavin DeGraw
She Wants To Move,N.E.R.D
Five Colours In Her Hair,McFly
Sunshine (feat. Anthony Hamilton),Twista
With You,Jessica Simpson
Love Machine,Girls Aloud
Dip It Low,Christina Milian
Dry Your Eyes,The Streets
Leave Right Now,Will Young
White Flag,Dido
I Believe in You,Kylie Minogue
We Belong Together,Mariah Carey
Let Me Love You,Mario
Gold Digger,Kanye West
Pon de Replay,Rihanna
Mockingbird,Eminem
You're Beautiful,James Blunt
Boulevard of Broken Dreams,Green Day
Don't Cha,The Pussycat Dolls
Bad Day,Daniel Powter
Feel Good Inc.,Gorillaz
Fix You,Coldplay
Hate It Or Love It,The Game
Numb / Encore,JAY-Z
Lonely,Akon
"Sugar, We're Goin Down",Fall Out Boy
Wake Me up When September Ends,Green Day
Just A Lil Bit,50 Cent
The Kill,Thirty Seconds To Mars
Best of You,Foo Fighters
Drop It Like It's Hot,Snoop Dogg
How We Do,The Game
La Tortura (feat. Alejandro Sanz),Shakira
Hung Up,Madonna
You And Me,Lifehouse
I Bet You Look Good On The Dancefloor,Arctic Monkeys
Suddenly I See,KT Tunstall
DARE,Gorillaz
"One, Two Step (feat. Missy Elliott)",Ciara
Disco Inferno,50 Cent
Run It! (feat. Juelz Santana),Chris Brown
Since U Been Gone,Kelly Clarkson
Laffy Taffy,D4L
Speed of Sound,Coldplay
Remember the Name (feat. Styles of Beyond),Fort Minor
Better Together,Jack Johnson
Beverly Hills,Weezer
As Good As I Once Was,Toby Keith
Beautiful Soul,Jesse McCartney
Hollaback Girl,Gwen Stefani
I'm Sprung,T-Pain
Photograph,Nickelback
Axel F,Crazy Frog
Dakota,Stereophonics
Because of You,Kelly Clarkson
Like Toy Soldiers,Eminem
Ghetto Gospel,2Pac
Like You (feat. Ciara),Bow Wow
Lovers And Friends,Lil Jon & The East Side Boyz
My Humps,Black Eyed Peas
Lose Control (feat. Ciara & Fat Man Scoop),Missy Elliott
Oh (feat. Ludacris),Ciara
"Slow Down - 12"" Version",Bobby V.
Rich Girl,Gwen Stefani
Soul Survivor,Jeezy
I Will Follow You into the Dark,Death Cab for Cutie
Grind With Me,Pretty Ricky
Dirty Little Secret,The All-American Rejects
Incomplete,Backstreet Boys
Signs,Snoop Dogg
Ordinary People,John Legend
Collide,Howie Day
Caught Up,USHER
Galvanize,The Chemical Brothers
Breakaway,Kelly Clarkson
Let Me Hold You (feat. Omarion),Bow Wow
We Be Burnin',Sean Paul
One Wish,Ray J
Scars,Papa Roach
Stickwitu,The Pussycat Dolls
Over And Over,Nelly
You Raise Me Up,Westlife
Home,Michael BublÃ©
Behind These Hazel Eyes,Kelly Clarkson
Diamonds From Sierra Leone - Remix,Kanye West
TRUE,Ryan Cabrera
Just the Girl,The Click Five
Cater 2 U,Destiny's Child
Get Back,Ludacris
Your Body,Pretty Ricky
Nine Million Bicycles,Katie Melua
Tripping,Robbie Williams
Girl,Destiny's Child
In the Morning,The Coral
Lonely No More,Rob Thomas
Don't Forget About Us - Radio Edit,Mariah Carey
Don't Love You No More (I'm Sorry),Craig David
Wait (The Whisper Song),Ying Yang Twins
All About You,McFly
Get Right,Jennifer Lopez
Cool,Gwen Stefani
Outta Control - Remix,50 Cent
"Baby, I'm Back",Baby Bash
Sometimes You Can't Make It On Your Own,U2
Bananza (Belly Dancer),Akon
Don't Phunk With My Heart,Black Eyed Peas
Ass Like That,Eminem
I Like The Way - Radio Edit,Bodyrockers
It's Like That,Mariah Carey
Some Cut,Trillville
Let Me Go,3 Doors Down
Hips Don't Lie (feat. Wyclef Jean),Shakira
Temperature,Sean Paul
Promiscuous,Nelly Furtado
SexyBack (feat. Timbaland),Justin Timberlake
Irreplaceable,BeyoncÃ©
Chasing Cars,Snow Patrol
Crazy,Gnarls Barkley
Love,Keyshia Cole
How to Save a Life,The Fray
Put Your Records On,Corinne Bailey Rae
So Sick,Ne-Yo
Maneater,Nelly Furtado
Unwritten,Natasha Bedingfield
Supermassive Black Hole,Muse
Dani California,Red Hot Chili Peppers
When You Were Young,The Killers
"Dance, Dance",Fall Out Boy
Me & U,Cassie
Who Knew,P!nk
Life is a Highway,Rascal Flatts
Waiting On the World to Change,John Mayer
Shake That,Eminem
My Love (feat. T.I.),Justin Timberlake
When The Sun Goes Down,Arctic Monkeys
Rehab,Amy Winehouse
Far Away,Nickelback
Touch The Sky,Kanye West
I Write Sins Not Tragedies,Panic! At The Disco
Yo (Excuse Me Miss),Chris Brown
Laffy Taffy,D4L
Everytime We Touch,Cascada
Too Little Too Late,JoJo
Unfaithful,Rihanna
Savin' Me,Nickelback
Over My Head (Cable Car),The Fray
Goodbye My Lover,James Blunt
Sexy Love,Ne-Yo
What Hurts The Most,Rascal Flatts
Rock This Party - Everybody Dance Now,Bob Sinclar
Ridin',Chamillionaire
Pump It,Black Eyed Peas
Call Me When You're Sober,Evanescence
"Nasty Girl (feat. Diddy, Nelly, Jagged Edge & Avery Storm) - 2005 Remaster",The Notorious B.I.G.
Snap Yo Fingers,Lil Jon
Last Request,Paolo Nutini
Be Without You - Kendu Mix,Mary J. Blige
I'm N Luv (Wit a Stripper) (feat. Mike Jones),T-Pain
It's Goin' Down (feat. Nitti),Yung Joc
Love Generation - Radio Edit,Bob Sinclar
Gimme That,Chris Brown
Deja Vu (feat. Jay-Z),BeyoncÃ©
Dirty Little Secret,The All-American Rejects
One,Mary J. Blige
Black Horse And The Cherry Tree,KT Tunstall
Buttons,The Pussycat Dolls
London Bridge,Fergie
Do It To It,Cherish
What You Know,T.I.
My My My,Armand Van Helden
Ain't No Other Man,Christina Aguilera
Tears Dry On Their Own,Amy Winehouse
Naive,The Kooks
When I'm Gone,Eminem
Smile,Lily Allen
Chelsea Dagger,The Fratellis
Pullin' Me Back,Chingy
Stickwitu,The Pussycat Dolls
U and Dat (feat. T. Pain & Kandi Girl),E-40
Ms. New Booty,Bubba Sparxxx
Get Up (feat. Chamillionaire),Ciara
Sorry,Madonna
Move Along,The All-American Rejects
"Lean Wit It, Rock Wit It",Dem Franchize Boyz
Is It Any Wonder?,Keane
Money Maker,Ludacris
I Wish I Was a Punk Rocker (with Flowers in My Hair),Sandi Thom
Check On It (feat. Bun B & Slim Thug),BeyoncÃ©
Touch It,Busta Rhymes
Stupid Girls,P!nk
Where'd You Go (feat. Holly Brook & Jonah Matranga),Fort Minor
From Paris to Berlin,Infernal
I Don't Feel Like Dancin',Scissor Sisters
No Promises,Shayne Ward
She Moves In Her Own Way,The Kooks
It Ends Tonight,The All-American Rejects
Chain Hang Low,Jibbs
"Steady, As She Goes",The Raconteurs
A Moment Like This,Leona Lewis
Grillz,Nelly
The Rose,Westlife
Come to Me (feat. Nicole Scherzinger),Diddy
You Give Me Something,James Morrison
Fill My Little World,The Feeling
Beep,The Pussycat Dolls
Bossy Featuring Too $hort (feat. Too $hort),Kelis
What's Left Of Me,Nick Lachey
You're All I Have,Snow Patrol
America,Razorlight
Control Myself,LL COOL J
Patience,Take That
Bleeding Love,Leona Lewis
Umbrella,Rihanna
Smack That,Akon
Big Girls Don't Cry (Personal),Fergie
Valerie (feat. Amy Winehouse) - Version Revisited,Mark Ronson
Hey There Delilah,Plain White T's
What Goes Around.../...Comes Around (Interlude),Justin Timberlake
The Sweet Escape,Gwen Stefani
Stronger,Kanye West
The Way I Are,Timbaland
Chasing Cars,Snow Patrol
What I've Done,Linkin Park
Say It Right,Nelly Furtado
Gimme More,Britney Spears
Before He Cheats,Carrie Underwood
How to Save a Life,The Fray
Back To Black,Amy Winehouse
Can't Tell Me Nothing,Kanye West
The Pretender,Foo Fighters
Thnks fr th Mmrs,Fall Out Boy
Snow (Hey Oh),Red Hot Chili Peppers
Bleed It Out,Linkin Park
Give It To Me,Timbaland
Face Down,The Red Jumpsuit Apparatus
"Dear Maria, Count Me In",All Time Low
Buy U a Drank (Shawty Snappin') (feat. Yung Joc),T-Pain
Misery Business,Paramore
Crank That (Soulja Boy),Soulja Boy
Destination Calabria - Radio Edit,Alex Gaudino
Girlfriend,Avril Lavigne
Fake It,Seether
Paralyzer,Finger Eleven
Because Of You,Ne-Yo
My Love (feat. T.I.),Justin Timberlake
Don't Matter,Akon
Beautiful Liar,BeyoncÃ©
Rehab,Amy Winehouse
Bartender (feat. Akon),T-Pain
You,Lloyd
Kiss Kiss (feat. T-Pain),Chris Brown
Glamorous,Fergie
"This Ain't A Scene, It's An Arms Race",Fall Out Boy
I Wanna Love You,Akon
Hate That I Love You,Rihanna
Everything,Michael BublÃ©
1973,James Blunt
Rockstar,Nickelback
Cry for You,September
Summer Love,Justin Timberlake
Fergalicious,Fergie
When You're Gone,Avril Lavigne
Bubbly,Colbie Caillat
Let Me Think About It,Ida Corr
Shut Up And Drive,Rihanna
New Shoes,Paolo Nutini
U + Ur Hand,P!nk
Candyman,Christina Aguilera
Let It Go,Keyshia Cole
Golden Skans,Klaxons
Like a Boy,Ciara
Bed,J. Holiday
She's So Lovely,Scouting For Girls
Lost Without U,Robin Thicke
Keep Holding On,Avril Lavigne
Tears Dry On Their Own,Amy Winehouse
Shawty (feat. T Pain),Plies
The Great Escape,BOYS LIKE GIRLS
Promise,Ciara
Make It Rain,Fat Joe
Brianstorm,Arctic Monkeys
Grace Kelly,MIKA
Ruby,Kaiser Chiefs
Shortie Like Mine (feat. Chris Brown & JohntÃ¡ Austin),Bow Wow
I Tried,Bone Thugs-N-Harmony
On the Hotline - Amended Version,Pretty Ricky
Wait for You,Elliott Yamin
Ice Box,Omarion
This Is Why I'm Hot,MiMS
Heartbroken - Edit,T2
The Way I Live,Baby Boy Da Prince
Here (In Your Arms),Hellogoodbye
Ayo Technology,50 Cent
Last Night,Keyshia Cole
"Sweetest Girl (Dollar Bill) (feat. Akon, Lil' Wayne & Niia)",Wyclef Jean
Makes Me Wonder,Maroon 5
Cupid's Chokehold / Breakfast in America - Radio Mix,Gym Class Heroes
LoveStoned / I Think She Knows (Interlude),Justin Timberlake
Acceptable in the 80's,Calvin Harris
Outta My System (feat. T-Pain & JohntÃ¡ Austin),Bow Wow
"Pop, Lock & Drop It - Video Edit",Huey
Proper Education - Radio Edit,Eric Prydz
We Fly High,Jim Jones
Home,Westlife
Runaway Love,Ludacris
Walk It Out,Unk
Your Love Alone Is Not Enough (feat. Nina Persson),Manic Street Preachers
Do You Know? (The Ping Pong Song),Enrique Iglesias
Love Today,MIKA
Home,Daughtry
Stop Me (feat. Daniel Merriweather),Mark Ronson
Low (feat. T-Pain),Flo Rida
I Kissed A Girl,Katy Perry
Take A Bow,Rihanna
No One,Alicia Keys
Apologize,Timbaland
Miss Independent,Ne-Yo
With You,Chris Brown
If I Were a Boy,BeyoncÃ©
Viva La Vida,Coldplay
Flashing Lights,Kanye West
Sex on Fire,Kings of Leon
"You're Gonna Go Far, Kid",The Offspring
Don't Stop The Music,Rihanna
Paper Planes,M.I.A.
American Boy,Estelle
Kids,MGMT
Homecoming,Kanye West
So What,P!nk
Use Somebody,Kings of Leon
Forever,Chris Brown
Womanizer,Britney Spears
Disturbia,Rihanna
Right Now (Na Na Na),Akon
Crank That (Soulja Boy),Soulja Boy
Good Life,Kanye West
Human,The Killers
Paralyzer,Finger Eleven
Infinity 2008 - Klaas Vocal Edit,Guru Josh Project
Touch My Body,Mariah Carey
Ain't No Rest for the Wicked,Cage The Elephant
Live Your Life,T.I.
4 Minutes (feat. Justin Timberlake & Timbaland),Madonna
All Summer Long,Kid Rock
Dangerous,Kardinal Offishall
Love Song,Sara Bareilles
"Free Fallin' - Live at the Nokia Theatre, Los Angeles, CA - December 2007",John Mayer
Burnin' Up,Jonas Brothers
Love in This Club (feat. Young Jeezy),USHER
Skinny Love,Bon Iver
When I Grow Up,The Pussycat Dolls
Whatever You Like,T.I.
No Air (feat. Chris Brown),Jordin Sparks
Kiss Kiss (feat. T-Pain),Chris Brown
Pocketful of Sunshine,Natasha Bedingfield
Hot N Cold,Katy Perry
Lollipop,Lil Wayne
Hate That I Love You,Rihanna
Chasing Pavements,Adele
A-Punk,Vampire Weekend
Addicted,Saving Abel
Pjanoo - Radio Edit,Eric Prydz
A Milli,Lil Wayne
Cry for You,September
See You Again,Miley Cyrus
Crush,David Archuleta
Bubbly,Colbie Caillat
Shake It,Metro Station
Superstar (feat. Matthew Santos),Lupe Fiasco
Closer,Ne-Yo
Dance Wiv Me - Radio Edit,Dizzee Rascal
Shadow of the Day,Linkin Park
Can't Help but Wait,Trey Songz
Put On,Jeezy
Violet Hill,Coldplay
All I Ever Wanted - Radio Edit,Basshunter
Better in Time,Leona Lewis
Hypnotized (feat. Akon),Plies
Fall for You,Secondhand Serenade
The Man Who Can't Be Moved,The Script
Now You're Gone (feat. DJ Mental Theo's Bazzheadz) - Video Edit,Basshunter
Say Hey (I Love You) (feat. Cherine Tanya Anderson),Michael Franti & Spearhead
I Hate This Part,The Pussycat Dolls
Love Lockdown,Kanye West
It's Not My Time,3 Doors Down
Piece of Me,Britney Spears
Sexy Can I,Ray J
I Luv Your Girl,The-Dream
Say,John Mayer
Clumsy,Fergie
One Step At a Time,Jordin Sparks
"Bust It Baby, Pt. 2 (feat. Ne-Yo)",Plies
Leavin',Jesse McCartney
Can't Believe It (feat. Lil' Wayne),T-Pain
Just Fine,Mary J. Blige
Break the Ice,Britney Spears
Tattoo,Jordin Sparks
Run,Leona Lewis
What You Got,Colby O'Donis
Stop And Stare,OneRepublic
Hallelujah,Alexandra Burke
Fascination,Alphabeat
Mercy,Duffy
Beggin',Madcon
Suffocate - Superclean,J. Holiday
Spotlight,Jennifer Hudson
My Life,The Game
Got Money,Lil Wayne
Into the Night (feat. Chad Kroeger),Santana
Sensual Seduction,Snoop Dogg
Propane Nightmares,Pendulum
I Gotta Feeling,Black Eyed Peas
Poker Face,Lady Gaga
Halo,BeyoncÃ©
Sexy Bitch (feat. Akon),David Guetta
Right Round,Flo Rida
Love Story,Taylor Swift
Heartless,Kanye West
Sex on Fire,Kings of Leon
Walking On A Dream,Empire of the Sun
I'm Yours,Jason Mraz
Run This Town,JAY-Z
Monster,Skillet
Party In The U.S.A.,Miley Cyrus
Down,Jay Sean
Best I Ever Had,Drake
Kiss Me Thru The Phone,Soulja Boy
Dog Days Are Over,Florence + The Machine
Use Somebody,Kings of Leon
Secrets,OneRepublic
Just Dance,Lady Gaga
You Belong With Me,Taylor Swift
21 Guns,Green Day
Live Your Life,T.I.
Forever,Drake
The Only Exception,Paramore
She Wolf,Shakira
You Found Me,The Fray
Day 'N' Nite (nightmare),Kid Cudi
Whatever You Like,T.I.
Hotel Room Service,Pitbull
Fire Burning,Sean Kingston
Bulletproof,La Roux
One Time,Justin Bieber
Paparazzi,Lady Gaga
If U Seek Amy,Britney Spears
I Know You Want Me (Calle Ocho),Pitbull
Little Lion Man,Mumford & Sons
Birthday Sex,Jeremih
New Divide,Linkin Park
Haven't Met You Yet,Michael BublÃ©
Mad,Ne-Yo
Second Chance,Shinedown
LoveGame,Lady Gaga
DONTTRUSTME,3OH!3
Gives You Hell,The All-American Rejects
The Climb,Miley Cyrus
Lisztomania,Phoenix
Big Green Tractor,Jason Aldean
Meet Me Halfway,Black Eyed Peas
If Today Was Your Last Day,Nickelback
Beautiful,Akon
Single Ladies (Put a Ring on It),BeyoncÃ©
My Life Would Suck Without You,Kelly Clarkson
Obsessed,Mariah Carey
Never Say Never,The Fray
Whatcha Say,Jason Derulo
Sweet Disposition,The Temper Trap
Smile,Uncle Kracker
Boom Boom Pow,Black Eyed Peas
Blame It,Jamie Foxx
Fire,Kasabian
All The Right Moves,OneRepublic
Breakeven,The Script
Naturally,Selena Gomez & The Scene
Knock You Down,Keri Hilson
Two Is Better Than One (feat. Taylor Swift),BOYS LIKE GIRLS
Let It Rock,Kevin Rudolf
Good Girls Go Bad (feat. Leighton Meester),Cobra Starship
Release Me,Agnes
Intro,The xx
I Hate This Part,The Pussycat Dolls
Love Lockdown,Kanye West
Sweet Dreams,BeyoncÃ©
Sober,P!nk
You've Got The Love,Florence + The Machine
Evacuate The Dancefloor - Radio Edit,Cascada
Jai Ho! (You Are My Destiny),A.R. Rahman
Untouched,The Veronicas
Love Drunk,BOYS LIKE GIRLS
Russian Roulette,Rihanna
We Made You,Eminem
Turn My Swag On,Soulja Boy
I'm Not Alone - Radio Edit,Calvin Harris
Please Don't Leave Me,P!nk
Pretty Wings - uncut,Maxwell
Omen,The Prodigy
Fallin' For You,Colbie Caillat
When Love Takes Over (feat. Kelly Rowland),David Guetta
I Love College,Asher Roth
In For The Kill,La Roux
Holiday,Dizzee Rascal
Throw It In The Bag,Fabolous
Number 1,Tinchy Stryder
Already Gone,Kelly Clarkson
Beat Again - Radio Edit,JLS
Waking Up In Vegas,Katy Perry
Bad Boys (feat. Flo Rida),Alexandra Burke
Break Up,Mario
Broken Strings,James Morrison
"Mama Do (Uh Oh, Uh Oh)",Pixie Lott
Just the Way You Are,Bruno Mars
Love The Way You Lie,Eminem
"Hey, Soul Sister",Train
Alors on danse - Radio Edit,Stromae
TiK ToK,Kesha
Memories (feat. Kid Cudi),David Guetta
Dynamite,Taio Cruz
Only Girl (In The World),Rihanna
California Gurls,Katy Perry
Baby,Justin Bieber
Talking to the Moon,Bruno Mars
Danza Kuduro,Don Omar
DJ Got Us Fallin' In Love (feat. Pitbull),USHER
Not Afraid,Eminem
Down,Jay Sean
Fireflies,Owl City
Club Can't Handle Me (feat. David Guetta),Flo Rida
Rude Boy,Rihanna
Nothin' on You (feat. Bruno Mars),B.o.B
Cooler Than Me - Single Mix,Mike Posner
Just A Dream,Nelly
What You Know,Two Door Cinema Club
OMG (feat. will.i.am),USHER
Billionaire (feat. Bruno Mars),Travie McCoy
Teenage Dream,Katy Perry
Telephone,Lady Gaga
Replay,Iyaz
Airplanes (feat. Hayley Williams of Paramore),B.o.B
Bottoms Up (feat. Nicki Minaj),Trey Songz
What's My Name?,Rihanna
Alejandro,Lady Gaga
Empire State of Mind (Part II) Broken Down,Alicia Keys
Over,Drake
Break Your Heart,Taio Cruz
Animal,Neon Trees
Your Love Is My Drug,Kesha
The Time (Dirty Bit),Black Eyed Peas
BedRock,Young Money
Like A G6,Far East Movement
Right Above It,Lil Wayne
Do You Remember,Jay Sean
Deuces (feat. Tyga & Kevin McCall),Chris Brown
Te Amo,Rihanna
Teach Me How to Dougie,Cali Swag District
Take It Off,Kesha
Carry Out (Featuring Justin Timberlake),Timbaland
Find Your Love,Drake
If I Die Young,The Band Perry
Impossible,Shontelle
I Need A Dollar,Aloe Blacc
My Chick Bad,Ludacris
Whatcha Say,Jason Derulo
Blah Blah Blah (feat. 3OH!3),Kesha
Back To December,Taylor Swift
Young Forever,JAY-Z
Imma Be,Black Eyed Peas
I Like It,Enrique Iglesias
Stuck Like Glue,Sugarland
Hey Daddy (Daddy's Home),USHER
Half of My Heart,John Mayer
Can't Be Tamed,Miley Cyrus
Eenie Meenie,Sean Kingston
We No Speak Americano (Edit),Yolanda Be Cool
Forget You,CeeLo Green
STARSTRUKK (feat. Katy Perry),3OH!3
Mine,Taylor Swift
Kickstarts,Example
Heartbreak Warfare,John Mayer
Gold Dust - Radio Edit,DJ Fresh
Say Aah (feat. Fabolous),Trey Songz
How Low,Ludacris
Whataya Want from Me,Adam Lambert
In My Head,Jason Derulo
My First Kiss (feat. Ke$ha),3OH!3
Misery,Maroon 5
One - Radio Edit,Swedish House Mafia
Try Sleeping with a Broken Heart,Alicia Keys
King of Anything,Sara Bareilles
For the First Time,The Script
Dancing On My Own - Radio Edit,Robyn
No Hands (feat. Roscoe Dash & Wale),Waka Flocka Flame
Wavin' Flag,K'NAAN
Man Down,Rihanna
Beautiful Monster,Ne-Yo
The Flood,Take That
Don't Stop Believin' (Glee Cast Version) - Cover of Journey,Glee Cast
Bromance - Avicii's Radio Edit,Tim Berg
Starry Eyed,Ellie Goulding
All Time Low,The Wanted
Higher,The Saturdays
"All I Do Is Win (feat. T-Pain, Ludacris, Snoop Dogg & Rick Ross)",DJ Khaled
Live Like We're Dying,Kris Allen
Today Was A Fairytale,Taylor Swift
Gettin' Over You (feat. Fergie & LMFAO),David Guetta
This Ain't a Love Song,Scouting For Girls
Miami 2 Ibiza - Swedish House Mafia vs. Tinie Tempah,Swedish House Mafia
Written in the Stars (feat. Eric Turner),Tinie Tempah
Barbra Streisand - Radio Edit,Duck Sauce
Commander,Kelly Rowland
When We Collide,Matt Cardle
Rolling in the Deep,Adele
"Moves Like Jagger - Studio Recording From ""The Voice"" Performance",Maroon 5
Party Rock Anthem,LMFAO
Firework,Katy Perry
Grenade,Bruno Mars
Sure Thing,Miguel
Paradise,Coldplay
Pumped Up Kicks,Foster The People
"Give Me Everything (feat. Ne-Yo, Afrojack & Nayer)",Pitbull
Stereo Hearts (feat. Adam Levine),Gym Class Heroes
Love You Like A Love Song,Selena Gomez & The Scene
Set Fire to the Rain,Adele
A Thousand Years,Christina Perri
Super Bass,Nicki Minaj
We Found Love,Rihanna
Tongue Tied,GROUPLOVE
Raise Your Glass,P!nk
Headlines,Drake
Glad You Came,The Wanted
All Of The Lights,Kanye West
Just Canâ€™t Get Enough,Black Eyed Peas
No Hands (feat. Roscoe Dash & Wale),Waka Flocka Flame
S&M,Rihanna
Hey Baby (Drop It to the Floor) (feat. T-Pain),Pitbull
Who Says,Selena Gomez & The Scene
Marry You,Bruno Mars
Black and Yellow,Wiz Khalifa
Love On Top,BeyoncÃ©
Springsteen,Eric Church
Dirt Road Anthem,Jason Aldean
Last Friday Night (T.G.I.F.),Katy Perry
The Lazy Song,Bruno Mars
The A Team,Ed Sheeran
Down On Me,Jeremih
What the Hell,Avril Lavigne
Donald Trump,Mac Miller
Good Life,OneRepublic
Lego House,Ed Sheeran
Jar of Hearts,Christina Perri
Midnight City,M83
6 Foot 7 Foot,Lil Wayne
Skinny Love,Birdy
Look At Me Now (feat. Lil' Wayne & Busta Rhymes),Chris Brown
What's My Name?,Rihanna
We R Who We R,Kesha
Every Teardrop Is a Waterfall,Coldplay
Tonight Tonight,Hot Chelle Rae
The Show Goes On,Lupe Fiasco
More - RedOne Jimmy Joker Remix,USHER
I'm On One,DJ Khaled
I Need A Doctor,Dr. Dre
You Make Me Feel... (feat. Sabi),Cobra Starship
It Girl,Jason Derulo
Born This Way,Lady Gaga
Blow,Kesha
Best Thing I Never Had,BeyoncÃ©
Coming Home,Diddy - Dirty Money
Save The World,Swedish House Mafia
If I Die Young,The Band Perry
I Wanna Go,Britney Spears
Rocketeer,Far East Movement
When We Stand Together,Nickelback
E.T.,Katy Perry
How To Love,Lil Wayne
Lighters,Bad Meets Evil
Where Them Girls At (feat. Nicki Minaj & Flo Rida),David Guetta
The Adventures of Rain Dance Maggie,Red Hot Chili Peppers
I Follow Rivers - The Magician Remix,Lykke Li
Till the World Ends,Britney Spears
F**kin' Perfect,P!nk
Without You (feat. Usher),David Guetta
Sexy And I Know It,LMFAO
The Edge Of Glory,Lady Gaga
Pretty Girl Rock,Keri Hilson
Honey Bee,Blake Shelton
Motivation,Kelly Rowland
Shake It Out,Florence + The Machine
Price Tag,Jessie J
Just A Kiss,Lady A
I Won't Let You Go,James Morrison
Don't Wanna Go Home,Jason Derulo
Changed the Way You Kiss Me - Radio Edit,Example
Roll Up,Wiz Khalifa
Bounce (feat. Kelis) - Radio Edit,Calvin Harris
Blind Faith,Chase & Status
Mr. Saxobeat - Radio Edit,Alexandra Stan
Heart Skips a Beat (feat. Rizzle Kicks),Olly Murs
Earthquake (feat. Tinie Tempah),Labrinth
Wherever You Will Go,Charlene Soraia
Down With The Trumpets,Rizzle Kicks
Holocene,Bon Iver
Who's That Chick? (feat. Rihanna),David Guetta
L.I.F.E.G.O.E.S.O.N.,Noah And The Whale
Beautiful People,Chris Brown
Champion (feat. Chris Brown),Chip
Do It Like A Dude,Jessie J
Buzzin Remix,Mann
Higher,Taio Cruz
Loca People - Radio Edit,Sak Noel
Louder (feat. Sian Evans),DJ Fresh
Locked out of Heaven,Bruno Mars
Call Me Maybe,Carly Rae Jepsen
We Are Young (feat. Janelle MonÃ¡e),fun.
Diamonds,Rihanna
What Makes You Beautiful,One Direction
Paradise,Coldplay
Don't You Worry Child - Radio Edit,Swedish House Mafia
Feel So Close - Radio Edit,Calvin Harris
Skyfall,Adele
A Thousand Years,Christina Perri
Levels - Radio Edit,Avicii
Everybody Talks,Neon Trees
I Knew You Were Trouble.,Taylor Swift
We Found Love,Rihanna
Drive By,Train
Wild Ones (feat. Sia),Flo Rida
Try,P!nk
Die Young,Kesha
Girl on Fire,Alicia Keys
Good Time,Owl City
Impossible,James Arthur
Ho Hey,The Lumineers
"Young, Wild & Free (feat. Bruno Mars)",Snoop Dogg
Take Care,Drake
International Love (feat. Chris Brown),Pitbull
Good Feeling,Flo Rida
We Are Never Ever Getting Back Together,Taylor Swift
Ni**as In Paris,JAY-Z
Somebody That I Used To Know,Gotye
The Motto,Drake
Starships,Nicki Minaj
BURN IT DOWN,Linkin Park
Troublemaker (feat. Flo Rida),Olly Murs
Part Of Me,Katy Perry
Gangnam Style (ê°•ë‚¨ìŠ¤íƒ€ì¼),PSY
Little Things,One Direction
"Gone, Gone, Gone",Phillip Phillips
Primadonna,MARINA
Breezeblocks,alt-J
Where Have You Been,Rihanna
Live While We're Young,One Direction
Mercy,Kanye West
The One That Got Away,Katy Perry
I Won't Give Up,Jason Mraz
Payphone,Maroon 5
Latch,Disclosure
Home,Phillip Phillips
I Love It (feat. Charli XCX),Icona Pop
Give Your Heart a Break,Demi Lovato
Bangarang (feat. Sirah),Skrillex
Titanium (feat. Sia),David Guetta
Princess of China,Coldplay
How to Be a Heartbreaker,MARINA
On Top Of The World,Imagine Dragons
Some Nights,fun.
Dirty Paws,Of Monsters and Men
Swimming Pools (Drank) - Extended Version,Kendrick Lamar
It Will Rain,Bruno Mars
Video Games,Lana Del Rey
Adorn,Miguel
Candy,Robbie Williams
Beneath Your Beautiful (feat. Emeli SandÃ©),Labrinth
Let Me Love You (Until You Learn To Love Yourself),Ne-Yo
One Day / Reckoning Song (Wankelmut Remix) - Radio Edit,Asaf Avidan
Wide Awake,Katy Perry
Chasing The Sun,The Wanted
m.A.A.d city,Kendrick Lamar
Million Voices - Radio Edit,Otto Knows
Madness,Muse
Born To Die,Lana Del Rey
50 Ways to Say Goodbye,Train
As Long As You Love Me,Justin Bieber
Battle Scars (with Guy Sebastian),Lupe Fiasco
Dance Again (feat. Pitbull),Jennifer Lopez
Stronger (What Doesn't Kill You),Kelly Clarkson
Rumour Has It,Adele
Take a Walk,Passion Pit
Ai Se Eu Te Pego - Ao Vivo,Michel TelÃ³
Scream,USHER
Oblivion,Grimes
Blow Me (One Last Kiss),P!nk
It's Time,Imagine Dragons
Domino,Jessie J
Let's Go (feat. Ne-Yo),Calvin Harris
Lights - Single Version,Ellie Goulding
Wings,Little Mix
212,Azealia Banks
Not Over You,Gavin DeGraw
Silhouettes - Original Radio Edit,Avicii
Sexy And I Know It,LMFAO
Ride,Lana Del Rey
Hands on the Wheel (feat. Asap Rocky),ScHoolboy Q
We'll Be Coming Back (feat. Example),Calvin Harris
So Good,B.o.B
Pound The Alarm,Nicki Minaj
Turn Up the Music,Chris Brown
Angels,The xx
Blown Away,Carrie Underwood
Boyfriend,Justin Bieber
Anna Sun,WALK THE MOON
Mirrors,Justin Timberlake
Blurred Lines,Robin Thicke
Royals,Lorde
Sweater Weather,The Neighbourhood
Another Love,Tom Odell
Locked out of Heaven,Bruno Mars
Wake Me Up,Avicii
Do I Wanna Know?,Arctic Monkeys
Safe And Sound,Capital Cities
Radioactive,Imagine Dragons
When I Was Your Man,Bruno Mars
Love Me,Lil Wayne
Just Give Me a Reason (feat. Nate Ruess),P!nk
Still into You,Paramore
Can't Hold Us (feat. Ray Dalton),Macklemore & Ryan Lewis
Get Lucky (Radio Edit) [feat. Pharrell Williams and Nile Rodgers],Daft Punk
Why'd You Only Call Me When You're High?,Arctic Monkeys
A Thousand Years,Christina Perri
Beauty And A Beat,Justin Bieber
Wrecking Ball,Miley Cyrus
Treasure,Bruno Mars
All I Want,Kodaline
Little Talks,Of Monsters and Men
Thrift Shop (feat. Wanz),Macklemore & Ryan Lewis
I Knew You Were Trouble.,Taylor Swift
3005,Childish Gambino
We Can't Stop,Miley Cyrus
Try,P!nk
Heart Attack,Demi Lovato
The Monster,Eminem
Feel This Moment (feat. Christina Aguilera),Pitbull
Scream & Shout,will.i.am
Team,Lorde
Unconditionally,Katy Perry
Power Trip (feat. Miguel),J. Cole
Ho Hey,The Lumineers
"F**kin' Problems (feat. Drake, 2 Chainz & Kendrick Lamar)",A$AP Rocky
Pompeii,Bastille
Summertime Sadness (Lana Del Rey Vs. Cedric Gervais) - Cedric Gervais Remix,Lana Del Rey
Let Her Go,Passenger
Clarity,Zedd
My Songs Know What You Did In The Dark (Light Em Up),Fall Out Boy
Black Skinhead,Kanye West
Demons,Imagine Dragons
Ain't It Fun,Paramore
Sail,AWOLNATION
Sweet Nothing (feat. Florence Welch),Calvin Harris
Burn,Ellie Goulding
"Hold On, We're Going Home",Drake
Roar,Katy Perry
Stay,Rihanna
Come & Get It,Selena Gomez
Latch,Disclosure
This Is What It Feels Like,Armin van Buuren
Home,Phillip Phillips
I Love It (feat. Charli XCX),Icona Pop
I Need Your Love (feat. Ellie Goulding),Calvin Harris
Ready or Not,Bridgit Mendler
22,Taylor Swift
I Could Be The One (Avicii Vs. Nicky Romero) - Radio Edit,Avicii
We Own It (Fast & Furious),2 Chainz
I Will Wait,Mumford & Sons
Work Bitch,Britney Spears
True Love (feat. Lily Allen),P!nk
Lose Yourself to Dance (feat. Pharrell Williams),Daft Punk
Started From the Bottom,Drake
Here's to Never Growing Up,Avril Lavigne
The Way,Ariana Grande
It's a Beautiful Day,Michael BublÃ©
Thinking About You (feat. Ayah Marar),Calvin Harris
Reload - Radio Edit,Sebastian Ingrosso
High Hopes,Kodaline
Don't Stop the Party (feat. TJR),Pitbull
#thatPOWER,will.i.am
Love Me Again,John Newman
Body Party,Ciara
Talk Dirty (feat. 2 Chainz),Jason Derulo
I Cry,Flo Rida
One Way or Another (Teenage Kicks),One Direction
Everything Has Changed,Taylor Swift
Berzerk,Eminem
The Fox (What Does the Fox Say?),Ylvis
Animals - Radio Edit,Martin Garrix
Holy Grail,JAY-Z
Chocolate,The 1975
Same Love (feat. Mary Lambert),Macklemore & Ryan Lewis
Daylight,Maroon 5
Bad (feat. Rihanna) - Remix,Wale
Of The Night,Bastille
Fine China,Chris Brown
Play Hard (feat. Ne-Yo & Akon),David Guetta
Drinking from the Bottle (feat. Tinie Tempah),Calvin Harris
human,Christina Perri
Need U (100%) (feat. A*M*E) - Radio Edit,Duke Dumont
The Other Side,Jason Derulo
Cruise,Florida Georgia Line
Dear Darlin',Olly Murs
La La La,Naughty Boy
This Is How We Do,Katy Perry
The Mother We Share,CHVRCHES
Night Changes,One Direction
Counting Stars,OneRepublic
A Sky Full of Stars,Coldplay
Photograph,Ed Sheeran
All of Me,John Legend
I'm Not The Only One,Sam Smith
Maps,Maroon 5
Summer,Calvin Harris
Timber (feat. Ke$ha),Pitbull
Story of My Life,One Direction
Rude,MAGIC!
Only Love Can Hurt Like This,Paloma Faith
Thinking out Loud,Ed Sheeran
Stay With Me,Sam Smith
Classic,MKTO
Sugar,Maroon 5
"Happy - From ""Despicable Me 2""",Pharrell Williams
Budapest,George Ezra
Best Day Of My Life,American Authors
Steal My Girl,One Direction
Bang Bang,Jessie J
Love Me Harder,Ariana Grande
Dark Horse,Katy Perry
Hey Brother,Avicii
Waves - Robin Schulz Radio Edit,Mr. Probz
Animals,Maroon 5
Team,Lorde
Blame (feat. John Newman),Calvin Harris
Me And My Broken Heart,Rixton
Shower,Becky G
Shake It Off,Taylor Swift
Am I Wrong,Nico & Vinz
Break Free,Ariana Grande
Collard Greens,ScHoolboy Q
"Let It Go - From ""Frozen""/Soundtrack Version",Idina Menzel
Under Control (feat. Hurts),Calvin Harris
Stolen Dance,Milky Chance
Jealous,Labrinth
Ain't It Fun,Paramore
Superheroes,The Script
Little Do You Know,Alex & Sierra
Problem,Ariana Grande
My Love,Route 94
Burn,Ellie Goulding
All About That Bass,Meghan Trainor
Loyal (feat. Lil Wayne & Tyga),Chris Brown
Habits (Stay High),Tove Lo
Say Something,A Great Big World
Don't Tell 'Em,Jeremih
2 On (feat. ScHoolboy Q),Tinashe
Drunk in Love (feat. Jay-Z),BeyoncÃ©
Magic,Coldplay
Don't,Ed Sheeran
You Know You Like It,DJ Snake
She Looks So Perfect,5 Seconds of Summer
Hot N*gga,Bobby Shmurda
Style,Taylor Swift
Chandelier,Sia
Man Of The Year,ScHoolboy Q
XO,BeyoncÃ©
Sing,Ed Sheeran
Bailando - Spanish Version,Enrique Iglesias
Turn Down for What,DJ Snake
First,Cold War Kids
Jealous - Remix,Nick Jonas
Show Me (feat. Chris Brown),Kid Ink
Prayer in C - Robin Schulz Radio Edit,Lilly Wood and The Prick
Fancy,Iggy Azalea
Up (feat. Demi Lovato),Olly Murs
Elastic Heart,Sia
Gecko (Overdrive) - Radio Edit,Oliver Heldens
Red Lights,TiÃ«sto
Talking Body,Tove Lo
Anaconda,Nicki Minaj
Geronimo,Sheppard
Talk Dirty (feat. 2 Chainz),Jason Derulo
Somebody,Natalie La Rose
Hideaway,Kiesza
I Will Never Let You Down,Rita Ora
Bad Blood,Taylor Swift
Black Widow,Iggy Azalea
Stay The Night - Featuring Hayley Williams Of Paramore,Zedd
Ugly Heart,G.R.L.
Amnesia,5 Seconds of Summer
#SELFIE,The Chainsmokers
Money On My Mind,Sam Smith
Na Na,Trey Songz
Trumpets,Jason Derulo
Love Runs Out,OneRepublic
Wasted,TiÃ«sto
Wrapped Up (feat. Travie McCoy),Olly Murs
Faded,ZHU
I Got U,Duke Dumont
I See Fire,Ed Sheeran
The Heart Wants What It Wants,Selena Gomez
The Man,Aloe Blacc
Wiggle (feat. Snoop Dogg),Jason Derulo
Ghost,Ella Henderson
Not a Bad Thing,Justin Timberlake
Post to Be (feat. Chris Brown & Jhene Aiko),Omarion
Uptown Funk (feat. Bruno Mars),Mark Ronson
Thinking out Loud,Ed Sheeran
See You Again (feat. Charlie Puth),Wiz Khalifa
What Do You Mean?,Justin Bieber
Lean On,Major Lazer
"Earned It (Fifty Shades Of Grey) - From The ""Fifty Shades Of Grey"" Soundtrack",The Weeknd
"Love Me Like You Do - From ""Fifty Shades Of Grey""",Ellie Goulding
The Nights,Avicii
The Less I Know The Better,Tame Impala
Daddy Issues,The Neighbourhood
Love Yourself,Justin Bieber
Shut Up and Dance,WALK THE MOON
Way down We Go,KALEO
One Last Time,Ariana Grande
Don't,Bryson Tiller
The Hills,The Weeknd
Outside (feat. Ellie Goulding),Calvin Harris
Sorry,Justin Bieber
Time of Our Lives,Pitbull
Style,Taylor Swift
Electric Love,BÃ˜RNS
Lush Life,Zara Larsson
Drag Me Down,One Direction
How Deep Is Your Love,Calvin Harris
Can't Feel My Face,The Weeknd
Love Me Harder,Ariana Grande
Locked Away (feat. Adam Levine),R. City
Hotline Bling,Drake
Perfect,One Direction
Sugar (feat. Francesco Yates),Robin Schulz
Cool for the Summer,Demi Lovato
Like I Can,Sam Smith
Take Me to Church,Hozier
FourFiveSeconds,Rihanna
Like I'm Gonna Lose You (feat. John Legend),Meghan Trainor
Firestone,Kygo
Renegades,X Ambassadors
Fight Song,Rachel Platten
In The Night,The Weeknd
My House,Flo Rida
Want to Want Me,Jason Derulo
Stitches,Shawn Mendes
Runaway (U & I),Galantis
Chill Bill (feat. J. Davi$ & Spooks),Rob $tone
Stole the Show,Kygo
oui,Jeremih
Trap Queen,Fetty Wap
King Kunta,Kendrick Lamar
Black Magic,Little Mix
Ain't Nobody (Loves Me Better) (feat. Jasmine Thompson),Felix Jaehn
When We Were Young,Adele
Wildest Dreams,Taylor Swift
679 (feat. Remy Boyz),Fetty Wap
Where Are Ãœ Now (with Justin Bieber),Jack Ãœ
Die A Happy Man,Thomas Rhett
Worth It (feat. Kid Ink),Fifth Harmony
Antidote,Travis Scott
Send My Love (To Your New Lover),Adele
The Heart Wants What It Wants,Selena Gomez
Never Forget You,Zara Larsson
Bad Blood,Taylor Swift
Unsteady,X Ambassadors
Ex's & Oh's,Elle King
Ayo,Chris Brown
Jumpman,Drake
You Know You Like It,DJ Snake
"Honey, I'm Good.",Andy Grammer
Hello,Adele
No Type,Rae Sremmurd
Five More Hours,Deorro
High By The Beach,Lana Del Rey
Please Don't Go,Joel Adams
I Really Like You,Carly Rae Jepsen
Lips Are Movin,Meghan Trainor
Love Myself,Hailee Steinfeld
11-Jul,BeyoncÃ©
Do It Again,Pia Mia
All My Friends (feat. Tinashe & Chance the Rapper),Snakehips
Spirits,The Strumbellas
Water Under the Bridge,Adele
Post to Be (feat. Chris Brown & Jhene Aiko),Omarion
Let It Go,James Bay
GDFR (feat. Sage the Gemini & Lookas),Flo Rida
Here,Alessia Cara
Fast Car,Jonas Blue
Light It Up - Remix,Major Lazer
All Eyes on You (feat. Chris Brown & Nicki Minaj),Meek Mill
Barcelona,George Ezra
Cheerleader - Felix Jaehn Remix Radio Edit,OMI
Slow Motion,Trey Songz
Sunset Lover,Petit Biscuit
Same Old Love,Selena Gomez
Mountain at My Gates,Foals
Talking Body,Tove Lo
I Don't Mind (feat. Juicy J),USHER
Geronimo,Sheppard
Easy Love,Sigala
I Want You To Know,Zedd
"I Don't Like It, I Love It (feat. Robin Thicke & Verdine White)",Flo Rida
My Way (feat. Monty),Fetty Wap
Starboy,The Weeknd
One Dance,Drake
Love Yourself,Justin Bieber
Closer,The Chainsmokers
Hello,Adele
Pink + White,Frank Ocean
Treat You Better,Shawn Mendes
Cheap Thrills (feat. Sean Paul),Sia
Let Me Love You,DJ Snake
Work,Rihanna
Ride,Twenty One Pilots
Sorry,Justin Bieber
7 Years,Lukas Graham
Hymn for the Weekend,Coldplay
This Is What You Came For,Calvin Harris
Don't,Bryson Tiller
Cake By The Ocean,DNCE
Needed Me,Rihanna
Don't Let Me Down,The Chainsmokers
Heathens,Twenty One Pilots
In the Name of Love,Martin Garrix
Dancing On My Own,Calum Scott
Faded,Alan Walker
I Took A Pill In Ibiza - Seeb Remix,Mike Posner
Wait a Minute!,WILLOW
Can I Be Him,James Arthur
This Girl (Kungs Vs. Cookin' On 3 Burners),Kungs
My Way,Calvin Harris
Exchange,Bryson Tiller
Hotline Bling,Drake
Adventure of a Lifetime,Coldplay
PILLOWTALK,ZAYN
White Iverson,Post Malone
NO,Meghan Trainor
Renegades,X Ambassadors
Work from Home (feat. Ty Dolla $ign),Fifth Harmony
Stole the Show,Kygo
Ophelia,The Lumineers
Hear Me Now,Alok
"Me, Myself & I",G-Eazy
Perfect Strangers,Jonas Blue
My House,Flo Rida
Low Life (feat. The Weeknd),Future
Say It,Tory Lanez
Too Good,Drake
Middle,DJ Snake
Roses,The Chainsmokers
"Sucker for Pain (with Wiz Khalifa, Imagine Dragons, Logic & Ty Dolla $ign feat. X Ambassadors)",Lil Wayne
Fast Car,Jonas Blue
When We Were Young,Adele
Shout Out to My Ex,Little Mix
"Sit Still, Look Pretty",Daya
Never Forget You,Zara Larsson
History,One Direction
Controlla,Drake
Send My Love (To Your New Lover),Adele
Unsteady,X Ambassadors
I Know What You Did Last Summer,Shawn Mendes
When You Love Someone,James TW
Trouble,Cage The Elephant
Tuesday (feat. Danelle Sandoval),Burak Yeter
Jumpman,Drake
Somebody Else,The 1975
The Ocean (feat. Shy Martin),Mike Perry
Into You,Ariana Grande
Alone,Marshmello
Lost Boy,Ruth B.
Hurts So Good,Astrid S
The Greatest (feat. Kendrick Lamar),Sia
All My Friends (feat. Tinashe & Chance the Rapper),Snakehips
Alaska,Maggie Rogers
"Just Like Fire (From the Original Motion Picture ""Alice Through The Looking Glass"")",P!nk
Dangerous Woman,Ariana Grande
We Don't Talk Anymore (feat. Selena Gomez),Charlie Puth
DUELE EL CORAZON (feat. Wisin),Enrique Iglesias
Never Be Like You (feat. Kai),Flume
H.O.L.Y.,Florida Georgia Line
Cold Water,Major Lazer
2 Phones,Kevin Gates
You Don't Own Me (feat. G-Eazy),SAYGRACE
Close,Nick Jonas
LUV,Tory Lanez
Side To Side,Ariana Grande
This One's for You (feat. Zara Larsson) (Official Song UEFA EURO 2016),David Guetta
Hotter Than Hell,Dua Lipa
Same Old Love,Selena Gomez
HandClap,Fitz and The Tantrums
Sorry,BeyoncÃ©
Tiimmy Turner,Desiigner
Stay (feat. Maty Noyes),Kygo
Final Song,MÃ˜
Hide Away,Daya
All Time Low,Jon Bellion
Hands To Myself,Selena Gomez
One Call Away,Charlie Puth
Sweet Lovin' - Radio Edit,Sigala
Don't Mind,Kent Jones
Here,Alessia Cara
Cool Girl,Tove Lo
Girls Like (feat. Zara Larsson),Tinie Tempah
Shape of You,Ed Sheeran
Believer,Imagine Dragons
Despacito,Luis Fonsi
Bad Things (with Camila Cabello),Machine Gun Kelly
Rockabye (feat. Sean Paul & Anne-Marie),Clean Bandit
Havana (feat. Young Thug),Camila Cabello
Thunder,Imagine Dragons
Don't Wanna Know (feat. Kendrick Lamar),Maroon 5
That's What I Like,Bruno Mars
Perfect,Ed Sheeran
There's Nothing Holdin' Me Back,Shawn Mendes
Say You Won't Let Go,James Arthur
Passionfruit,Drake
goosebumps,Travis Scott
Too Good At Goodbyes,Sam Smith
Look What You Made Me Do,Taylor Swift
HUMBLE.,Kendrick Lamar
Unforgettable,French Montana
Love On The Brain,Rihanna
Sign of the Times,Harry Styles
Attention,Charlie Puth
...Ready For It?,Taylor Swift
LOVE. FEAT. ZACARI.,Kendrick Lamar
Redbone,Childish Gambino
Jocelyn Flores,XXXTENTACION
Congratulations,Post Malone
Bored,Billie Eilish
Whatever It Takes,Imagine Dragons
No Lie,Sean Paul
XO Tour Llif3,Lil Uzi Vert
Mask Off,Future
New Rules,Dua Lipa
I Donâ€™t Wanna Live Forever (Fifty Shades Darker),ZAYN
More Than You Know,Axwell /\ Ingrosso
I Feel It Coming,The Weeknd
BUTTERFLY EFFECT,Travis Scott
Mercy,Shawn Mendes
Little Dark Age,MGMT
Young Dumb & Broke,Khalid
Hold On,Chord Overstreet
Human,Rag'n'Bone Man
Magnolia,Playboi Carti
24K Magic,Bruno Mars
Castle on the Hill,Ed Sheeran
I Fall Apart,Post Malone
DNA.,Kendrick Lamar
Him & I (with Halsey),G-Eazy
Scared to Be Lonely,Martin Garrix
Galway Girl,Ed Sheeran
Drowning (feat. Kodak Black),A Boogie Wit da Hoodie
Bank Account,21 Savage
Location,Khalid
Save That Shit,Lil Peep
Glorious (feat. Skylar Grey),Macklemore
"Feels (feat. Pharrell Williams, Katy Perry & Big Sean)",Calvin Harris
Happier,Ed Sheeran
Stay,Zedd
"Let Me Go (with Alesso, Florida Georgia Line & watt)",Hailee Steinfeld
Slow Hands,Niall Horan
1-800-273-8255,Logic
Issues,Julia Michaels
What About Us,P!nk
Malibu,Miley Cyrus
Chill Bill (feat. J. Davi$ & Spooks),Rob $tone
Dusk Till Dawn (feat. Sia) - Radio Edit,ZAYN
Fetish (feat. Gucci Mane),Selena Gomez
Sorry Not Sorry,Demi Lovato
Black Beatles,Rae Sremmurd
Paris,The Chainsmokers
Mi Gente,J Balvin
Losin Control,Russ
Plain Jane,A$AP Ferg
Swang,Rae Sremmurd
Bad and Boujee (feat. Lil Uzi Vert),Migos
Scars To Your Beautiful,Alessia Cara
Fake Love,Drake
Lust For Life (with The Weeknd),Lana Del Rey
Green Light,Lorde
Tunnel Vision,Kodak Black
Bodak Yellow,Cardi B
Sky Walker (feat. Travis Scott),Miguel
Caroline,AminÃ©
iSpy (feat. Lil Yachty),KYLE
Slide (feat. Frank Ocean & Migos),Calvin Harris
do re mi,blackbear
Lonely Together (feat. Rita Ora),Avicii
Despacito - Remix,Luis Fonsi
Rolex,Ayo & Teo
Sit Next to Me,Foster The People
ELEMENT.,Kendrick Lamar
SUBEME LA RADIO,Enrique Iglesias
No Limit,G-Eazy
Most Girls,Hailee Steinfeld
Chained To The Rhythm,Katy Perry
Friends (with BloodPopÂ®),Justin Bieber
Praying,Kesha
September Song,JP Cooper
Bounce Back,Big Sean
Strip That Down (feat. Quavo),Liam Payne
Wild Thoughts (feat. Rihanna & Bryson Tiller),DJ Khaled
no tears left to cry,Ariana Grande
lovely (with Khalid),Billie Eilish
One Kiss (with Dua Lipa),Calvin Harris
Delicate,Taylor Swift
God is a woman,Ariana Grande
God's Plan,Drake
SICKO MODE,Travis Scott
rockstar (feat. 21 Savage),Post Malone
we fell in love in october,girl in red
All The Stars (with SZA),Kendrick Lamar
Happier,Marshmello
I Like Me Better,Lauv
Moonlight,XXXTENTACION
Better Now,Post Malone
Natural,Imagine Dragons
2002,Anne-Marie
Yes Indeed,Lil Baby
LOVE. FEAT. ZACARI.,Kendrick Lamar
Nice For What,Drake
The Middle,Zedd
Silence,Marshmello
IDGAF,Dua Lipa
In My Mind,Dynoro
Nonstop,Drake
DÃ©jala Que Vuelva (feat. Manuel Turizo),Piso 21
Mo Bamba,Sheck Wes
Him & I (with Halsey),G-Eazy
Be Alright,Dean Lewis
I Like It,Cardi B
Self Care,Mac Miller
Body,Loud Luxury
Psycho (feat. Ty Dolla $ign),Post Malone
FRIENDS,Marshmello
changes,XXXTENTACION
Shotgun,George Ezra
Nevermind,Dennis Lloyd
In My Feelings,Drake
Vaina Loca,Ozuna
"Let Me Go (with Alesso, Florida Georgia Line & watt)",Hailee Steinfeld
Te BotÃ© - Remix,Nio Garcia
Finesse - Remix; feat. Cardi B,Bruno Mars
Stir Fry,Migos
"Taki Taki (with Selena Gomez, Ozuna & Cardi B)",DJ Snake
Eastside (with Halsey & Khalid),benny blanco
How Long,Charlie Puth
Meant to Be (feat. Florida Georgia Line),Bebe Rexha
Bad At Love,Halsey
Love Lies (with Normani),Khalid
Trip,Ella Mai
It's Not Living (If It's Not With You),The 1975
You Make It Easy,Jason Aldean
Walk It Talk It,Migos
In My Blood,Shawn Mendes
"These Days (feat. Jess Glynne, Macklemore & Dan Caplen)",Rudimental
Tequila,Dan + Shay
Look Alive (feat. Drake),BlocBoy JB
Never Be the Same,Camila Cabello
Bodak Yellow,Cardi B
Me Niego (feat. Ozuna & Wisin),Reik
This Feeling,The Chainsmokers
Saturday Sun,Vance Joy
Simple,Florida Georgia Line
Leave a Light On,Tom Walker
Rise,Jonas Blue
Let's Fall in Love for the Night,FINNEAS
Taste (feat. Offset),Tyga
The Greatest Show,Hugh Jackman
Jackie Chan,TiÃ«sto
Spotlight,Marshmello
"Home (with Machine Gun Kelly, X Ambassadors & Bebe Rexha)",Machine Gun Kelly
Back To You,Selena Gomez
Say Something (feat. Chris Stapleton),Justin Timberlake
FEFE,6ix9ine
Dura,Daddy Yankee
CorazÃ³n (feat. Nego do Borel),Maluma
Plug Walk,Rich The Kid
Solo (feat. Demi Lovato),Clean Bandit
MotorSport,Migos
"King's Dead (with Kendrick Lamar, Future & James Blake)",Jay Rock
1950,King Princess
"1, 2, 3 (feat. Jason Derulo & De La Ghetto)",SofÃ­a Reyes
I Miss You (feat. Julia Michaels),Clean Bandit
This Is America,Childish Gambino
Freaky Friday (feat. Chris Brown),Lil Dicky
I'm Upset,Drake
Done for Me (feat. Kehlani),Charlie Puth
Be Careful,Cardi B
Youngblood,5 Seconds of Summer
Boo'd Up,Ella Mai
Sin Pijama,Becky G
Paradise,George Ezra
Sick Boy,The Chainsmokers
Everyday,Logic
Girls Like You (feat. Cardi B) - Cardi B Version,Maroon 5
This Is Me,Keala Settle
No Brainer,DJ Khaled
Powerglide (feat. Juicy J) - From SR3MM,Rae Sremmurd
"BIG BANK (feat. 2 Chainz, Big Sean, Nicki Minaj)",YG
Make Me Feel,Janelle MonÃ¡e
I'll Be There,Jess Glynne
Old Town Road - Remix,Lil Nas X
bad guy,Billie Eilish
SeÃ±orita,Shawn Mendes
Circles,Post Malone
Let Me Down Slowly,Alec Benjamin
Without Me,Halsey
lovely (with Khalid),Billie Eilish
SICKO MODE,Travis Scott
Lost in the Fire (feat. The Weeknd),Gesaffelstein
Someone You Loved,Lewis Capaldi
Doin' Time,Lana Del Rey
MIDDLE CHILD,J. Cole
Lover,Taylor Swift
when the party's over,Billie Eilish
Wow.,Post Malone
Sucker,Jonas Brothers
Lose You To Love Me,Selena Gomez
"thank u, next",Ariana Grande
High Hopes,Panic! At The Disco
You Need To Calm Down,Taylor Swift
Better Now,Post Malone
a lot,21 Savage
Ransom,Lil Tecca
Sweet but Psycho,Ava Max
EARFQUAKE,"Tyler, The Creator"
Ride It,Regard
Robbery,Juice WRLD
Going Bad (feat. Drake),Meek Mill
boyfriend (with Social House),Ariana Grande
Goodbyes (feat. Young Thug),Post Malone
Con Calma,Daddy Yankee
Location (feat. Burna Boy),Dave
MIA,Bad Bunny
Pop Out (feat. Lil Tjay),Polo G
Hold Me While You Wait,Lewis Capaldi
Money In The Grave (Drake ft. Rick Ross),Drake
Piece Of Your Heart,MEDUZA
Secreto,Anuel AA
Don't Start Now,Dua Lipa
Dance Monkey,Tones And I
"break up with your girlfriend, i'm bored",Ariana Grande
Boy With Luv (feat. Halsey),BTS
ZEZE (feat. Travis Scott & Offset),Kodak Black
Old Town Road,Lil Nas X
Callaita,Bad Bunny
Nights Like This (feat. Ty Dolla $ign),Kehlani
"10,000 Hours (with Justin Bieber)",Dan + Shay
Higher Love,Kygo
China,Anuel AA
Nothing Breaks Like a Heart (feat. Miley Cyrus),Mark Ronson
i'm so tired...,Lauv
Please Me,Cardi B
Don't Call Me Up,Mabel
Kill This Love,BLACKPINK
3 Nights,Dominic Fike
bury a friend,Billie Eilish
Pure Water (with Migos),Mustard
Truth Hurts,Lizzo
Calma - Remix,Pedro CapÃ³
Swervin (feat. 6ix9ine),A Boogie Wit da Hoodie
Bohemian Rhapsody - Remastered 2011,Queen
Soltera (Remix),Lunay
Dancing With A Stranger (with Normani),Sam Smith
Good as Hell,Lizzo
SOS (feat. Aloe Blacc),Avicii
Here With Me,Marshmello
"Taki Taki (feat. Selena Gomez, Ozuna & Cardi B)",DJ Snake
Shotta Flow (feat. Blueface) [Remix],NLE Choppa
Adan y Eva,Paulo Londra
Only Human,Jonas Brothers
Giant (with Rag'n'Bone Man),Calvin Harris
So Am I,Ava Max
Grace,Lewis Capaldi
Talk (feat. Disclosure),Khalid
Panini,Lil Nas X
emotions,iann dior
My Type,Saweetie
Never Really Over,Katy Perry
Leave Me Alone,Flipp Dinero
Motivation,Normani
Easier,5 Seconds of Summer
Slide Away,Miley Cyrus
If I Can't Have You,Shawn Mendes
I Don't Care (with Justin Bieber),Ed Sheeran & Justin Bieber
The Git Up,Blanco Brown
Ladbroke Grove,AJ Tracey
Lost Without You,Freya Ridings
Light On,Maggie Rogers
The London (feat. J. Cole & Travis Scott),Young Thug
Better,Khalid
Clout (feat. Cardi B),Offset
Post Malone (feat. RANI),Sam Feldt
Just You and I,Tom Walker
Good as You,Kane Brown
Hot Girl Summer (feat. Nicki Minaj & Ty Dolla $ign),Megan Thee Stallion
gone girl,iann dior
Mad Love,Mabel
Take Me Back to London (feat. Stormzy),Ed Sheeran
Thotiana,Blueface
Blinding Lights,The Weeknd
cardigan,Taylor Swift
positions,Ariana Grande
Watermelon Sugar,Harry Styles
Blueberry Faygo,Lil Mosey
The Box,Roddy Ricch
Toosie Slide,Drake
Party Girl,StaySolidRocky
WAP (feat. Megan Thee Stallion),Cardi B
What You Know Bout Love,Pop Smoke
ROXANNE,Arizona Zervas
Falling,Trevor Daniel
august,Taylor Swift
Stuck with U (with Justin Bieber),Ariana Grande
death bed (coffee for your head),Powfu
Life Is Good (feat. Drake),Future
Rain On Me (with Ariana Grande),Lady Gaga
If the World Was Ending (feat. Julia Michaels),JP Saxe
DÃKITI,Bad Bunny
ROCKSTAR (feat. Roddy Ricch),DaBaby
Heather,Conan Gray
everything i wanted,Billie Eilish
Say So,Doja Cat
Dynamite,BTS
Mood (feat. iann dior),24kGoldn
For The Night (feat. Lil Baby & DaBaby),Pop Smoke
Roses - Imanbek Remix,SAINt JHN
Sunday Best,Surfaces
Adore You,Harry Styles
Laugh Now Cry Later (feat. Lil Durk),Drake
Monster (Shawn Mendes & Justin Bieber),Shawn Mendes
Intentions (feat. Quavo),Justin Bieber
Put Your Records On,Ritt Momney
"Lemonade (feat. Gunna, Don Toliver & NAV)",Internet Money
Godzilla (feat. Juice WRLD),Eminem
HIGHEST IN THE ROOM,Travis Scott
No Idea,Don Toliver
Supalonely (feat. Gus Dapperton),BENEE
Come & Go (with Marshmello),Juice WRLD
UN DIA (ONE DAY) (Feat. Tainy),J Balvin
you broke me first,Tate McRae
Break My Heart,Dua Lipa
Ride It,Regard
ily (i love you baby) (feat. Emilee),Surf Mesa
Rare,Selena Gomez
Holy (feat. Chance The Rapper),Justin Bieber
Savage Love (Laxed - Siren Beat),Jawsh 685
Prisoner (feat. Dua Lipa),Miley Cyrus
Savage Remix (feat. BeyoncÃ©),Megan Thee Stallion
After Hours,The Weeknd
POPSTAR (feat. Drake),DJ Khaled
How You Like That,BLACKPINK
Midnight Sky,Miley Cyrus
Yummy,Justin Bieber
Don't Start Now,Dua Lipa
Circles,Post Malone
Before You Go,Lewis Capaldi
You should be sad,Halsey
Dance Monkey,Tones And I
Memories,Maroon 5
Therefore I Am,Billie Eilish
That Way - Bonus Track,Lil Uzi Vert
34+35,Ariana Grande
Levitating (feat. DaBaby),Dua Lipa
THE SCOTTS,THE SCOTTS
"WHATS POPPIN (feat. DaBaby, Tory Lanez & Lil Wayne) - Remix",Jack Harlow
Breaking Me,Topic
Head & Heart (feat. MNEK),Joel Corry
Mood Swings (feat. Lil Tjay),Pop Smoke
In Your Eyes,The Weeknd
my ex's best friend (with blackbear),Machine Gun Kelly
ON (Feat. Sia),BTS
MAMACITA,Black Eyed Peas
Tusa,KAROL G
Be Kind (with Halsey),Marshmello
Someone You Loved,Lewis Capaldi
Past Life (with Selena Gomez),Trevor Daniel
Lonely (with benny blanco),Justin Bieber
Physical,Dua Lipa
July,Noah Cyrus
HawÃ¡i,Maluma
RITMO (Bad Boys For Life),Black Eyed Peas
Sour Candy (with BLACKPINK),Lady Gaga
Wishing Well,Juice WRLD
Play Date,Melanie Martinez
Know Your Worth,Khalid
Sunflower - Spider-Man: Into the Spider-Verse,Post Malone
Ice Cream (with Selena Gomez),BLACKPINK
bad guy,Billie Eilish
Go Crazy,Chris Brown
Wonder,Shawn Mendes
TKN (feat. Travis Scott),ROSALÃA
BELIEVE IT,PARTYNEXTDOOR
What A Man Gotta Do,Jonas Brothers
Lovesick Girls,BLACKPINK
Stupid Love,Lady Gaga
Safaera,Bad Bunny
Take You Dancing,Jason Derulo
Good News,Mac Miller
my future,Billie Eilish
drivers license,Olivia Rodrigo
MONTERO (Call Me By Your Name),Lil Nas X
Beggin',MÃ¥neskin
Save Your Tears (with Ariana Grande) (Remix),The Weeknd
Peaches (feat. Daniel Caesar & Giveon),Justin Bieber
Leave The Door Open,Bruno Mars
deja vu,Olivia Rodrigo
Good Days,SZA
Bad Habits,Ed Sheeran
STAY (with Justin Bieber),The Kid LAROI
INDUSTRY BABY (feat. Jack Harlow),Lil Nas X
Kiss Me More (feat. SZA),Doja Cat
good 4 u,Olivia Rodrigo
Heartbreak Anniversary,Giveon
Easy On Me,Adele
All Too Well (10 Minute Version) (Taylor's Version) (From The Vault),Taylor Swift
Happier Than Ever,Billie Eilish
Fair Trade (with Travis Scott),Drake
Woman,Doja Cat
Astronaut In The Ocean,Masked Wolf
MONEY,LISA
Butter,BTS
Levitating (feat. DaBaby),Dua Lipa
Todo De Ti,Rauw Alejandro
34+35,Ariana Grande
telepatÃ­a,Kali Uchis
You Right,Doja Cat
Heat Waves,Glass Animals
Hold On,Justin Bieber
My Universe,Coldplay
The Business,TiÃ«sto
Need to Know,Doja Cat
I WANNA BE YOUR SLAVE,MÃ¥neskin
Yonaguni,Bad Bunny
Streets,Doja Cat
positions,Ariana Grande
traitor,Olivia Rodrigo
willow,Taylor Swift
love nwantiti (ah ah ah),CKay
pov,Ariana Grande
Build a Bitch,Bella Poarch
Up,Cardi B
DÃKITI,Bad Bunny
Baila Conmigo (with Rauw Alejandro),Selena Gomez
Shivers,Ed Sheeran
Solar Power,Lorde
We're Good,Dua Lipa
WITHOUT YOU (with Miley Cyrus),The Kid LAROI
late at night,Roddy Ricch
Calling My Phone,Lil Tjay
RAPSTAR,Polo G
Girls Want Girls (with Lil Baby),Drake
Whoopty,CJ
Mood (feat. iann dior),24kGoldn
LA NOCHE DE ANOCHE,Bad Bunny
Anyone,Justin Bieber
Love Story (Taylorâ€™s Version),Taylor Swift
Afterglow,Ed Sheeran
GIRL LIKE ME,Black Eyed Peas
BICHOTA,KAROL G
Bandido,Myke Towers
Prisoner (feat. Dua Lipa),Miley Cyrus
Blinding Lights,The Weeknd
Beautiful Mistakes (feat. Megan Thee Stallion),Maroon 5
Therefore I Am,Billie Eilish
test drive,Ariana Grande
Lemonade,Internet Money
Watermelon Sugar,Harry Styles
Lost Cause,Billie Eilish
Selfish Love (with Selena Gomez),DJ Snake
What You Know Bout Love,Pop Smoke
Dynamite,BTS
Head & Heart (feat. MNEK),Joel Corry
Save Your Tears,The Weeknd
Body,Megan Thee Stallion
Best Friend (feat. Doja Cat),Saweetie
"34+35 Remix (feat. Doja Cat, Megan Thee Stallion) - Remix",Ariana Grande
Whatâ€™s Next,Drake
On The Ground,ROSÃ‰
As I Am (feat. Khalid),Justin Bieber
Met Him Last Night (feat. Ariana Grande),Demi Lovato
m y . l i f e (with 21 Savage & Morray),J. Cole
Your Power,Billie Eilish
Permission to Dance,BTS
Motley Crew,Post Malone
Hurricane,Kanye West
Pepas,Farruko
THATS WHAT I WANT,Lil Nas X
Rumors (feat. Cardi B),Lizzo
Skate,Bruno Mars
t r a n s p a r e n t s o u l feat. Travis Barker,WILLOW
Cold Heart - PNAU Remix,Elton John
Leave Before You Love Me (with Jonas Brothers),Marshmello
Girl From Rio,Anitta
Arcade (feat. FLETCHER),Duncan Laurence
Summer of Love (Shawn Mendes & Tainy),Shawn Mendes
Meet Me At Our Spot,THE ANXIETY
Life Goes On,Oliver Tree
Dick (feat. Doja Cat),StarBoi3
Praise God,Kanye West
As It Was,Harry Styles
TitÃ­ Me PreguntÃ³,Bad Bunny
Unholy (feat. Kim Petras),Sam Smith
Running Up That Hill (A Deal With God) - 2018 Remaster,Kate Bush
Glimpse of Us,Joji
CUFF IT,BeyoncÃ©
First Class,Jack Harlow
Heat Waves,Glass Animals
Bad Habit,Steve Lacy
Ghost,Justin Bieber
abcdefu,GAYLE
Late Night Talking,Harry Styles
traitor,Olivia Rodrigo
Me Porto Bonito,Bad Bunny
Super Freaky Girl,Nicki Minaj
About Damn Time,Lizzo
INDUSTRY BABY (feat. Jack Harlow),Lil Nas X
"Quevedo: Bzrp Music Sessions, Vol. 52",Bizarrap
DESPECHÃ,ROSALÃA
Cold Heart - PNAU Remix,Elton John
Under The Influence,Chris Brown
Boyfriend,Dove Cameron
Lavender Haze,Taylor Swift
Envolver,Anitta
Pink Venom,BLACKPINK
THATS WHAT I WANT,Lil Nas X
I Ain't Worried,OneRepublic
Left and Right (Feat. Jung Kook of BTS),Charlie Puth
Bam Bam (feat. Ed Sheeran),Camila Cabello
MIDDLE OF THE NIGHT,Elley DuhÃ©
STAR WALKIN' (League of Legends Worlds Anthem),Lil Nas X
All For Us,Labrinth
I Like You (A Happier Song) (with Doja Cat),Post Malone
Shivers,Ed Sheeran
Where Are You Now,Lost Frequencies
good 4 u,Olivia Rodrigo
Enemy (with JID) - from the series Arcane League of Legends,Imagine Dragons
Easy On Me,Adele
Sacrifice,The Weeknd
Lift Me Up - From Black Panther: Wakanda Forever - Music From and Inspired By,Rihanna
We Don't Talk About Bruno,Carolina GaitÃ¡n - La Gaita
BREAK MY SOUL,BeyoncÃ©
Woman,Doja Cat
PROVENZA,KAROL G
Te Felicito,Shakira
Moscow Mule,Bad Bunny
Shut Down,BLACKPINK
MAMIII,Becky G
Sweetest Pie,Megan Thee Stallion
Save Your Tears (Remix) (with Ariana Grande) - Bonus Track,The Weeknd
Shirt,SZA
Jimmy Cooks (feat. 21 Savage),Drake
STAY (with Justin Bieber),The Kid LAROI
Oh My God,Adele
Out of Time,The Weeknd
The Joker And The Queen (feat. Taylor Swift),Ed Sheeran
Iâ€™m Tired (with Zendaya) - Bonus Track,Labrinth
When You're Gone,Shawn Mendes
Notion,The Rare Occasions
Light Switch,Charlie Puth
One Right Now (with The Weeknd),Post Malone
Falling Back,Drake
N95,Kendrick Lamar
Nail Tech,Jack Harlow
WAIT FOR U (feat. Drake & Tems),Future
Honest (feat. Don Toliver),Justin Bieber
Infinity,Jaymes Young
Fingers Crossed,Lauren Spencer Smith
TV,Billie Eilish
she's all i wanna be,Tate McRae
Snow On The Beach (feat. Lana Del Rey),Taylor Swift
Evergreen (You Didnâ€™t Deserve Me At All),Omar Apollo
Yet To Come,BTS
Vegas (From the Original Motion Picture Soundtrack ELVIS),Doja Cat
Desesperados,Rauw Alejandro
Una Noche en MedellÃ­n,Cris Mj
The Heart Part 5,Kendrick Lamar
ALIEN SUPERSTAR,BeyoncÃ©
It'll Be Okay,Shawn Mendes
SKIN OF MY TEETH,Demi Lovato
Massive,Drake
Sunroof,Nicky Youre
SUMMER RENAISSANCE,BeyoncÃ©
Ojitos Lindos,Bad Bunny
29,Demi Lovato
I'm Good (Blue),David Guetta
Forget Me,Lewis Capaldi
Hold Me Closer,Elton John
Calm Down (with Selena Gomez),Rema
SNAP,Rosa Linn
La Bachata,Manuel Turizo
Until I Found You,Stephen Sanchez
Made You Look,Meghan Trainor
Midnight Rain,Taylor Swift
Die Hard,Kendrick Lamar
Big Energy,Latto
Doja,Central Cee
pushin P (feat. Young Thug),Gunna
Thousand Miles,The Kid LAROI
